{"0": {"cv": [[12.0, -2.299999952316284, 6.800000190734863], [9.412498474121094, -1.8566768169403076, 6.800000190734863], [6.815746784210205, -1.4712454080581665, 6.800000190734863], [4.209970474243164, -1.1530967950820923, 6.800000190734863], [1.5973947048187256, -0.8960301876068115, 6.800000190734863], [-1.0205134153366089, -0.7004489898681641, 6.800000190734863], [-3.642446517944336, -0.5716224312782288, 6.800000190734863], [-6.265565872192383, -0.5800421237945557, 6.800000190734863], [-8.879703521728516, -0.8039987087249756, 6.800000190734863], [-11.5, -0.6800000071525574, 6.800000190734863]], "cx": [[12.0, -1.7799999713897705, 6.800000190734863], [9.520087242126465, -0.6696364283561707, 6.800000190734863], [6.9855828285217285, 0.3091094195842743, 6.800000190734863], [4.3957743644714355, 1.1294260025024414, 6.800000190734863], [1.7497920989990234, 1.7441821098327637, 6.800000190734863], [-0.9413491487503052, 2.112356424331665, 6.800000190734863], [-3.6553962230682373, 2.213223695755005, 6.800000190734863], [-6.364141941070557, 2.0187926292419434, 6.800000190734863], [-9.016424179077148, 1.4435093402862549, 6.800000190734863], [-11.5, 0.36000001430511475, 6.800000190734863]], "le": [[-11.884480476379395, 0.11519524455070496, 6.800000190734863], [-11.9769868850708, -0.13470184803009033, 6.800000190734863], [-11.928744316101074, -0.39676809310913086, 6.800000190734863], [-11.753312110900879, -0.5973416566848755, 6.800000190734863], [-11.500001907348633, -0.6800450682640076, 6.800000190734863]], "re": [[12.136451721191406, -2.283639907836914, 6.800000190734863], [12.241793632507324, -2.195378303527832, 6.800000190734863], [12.281793594360352, -2.0638980865478516, 6.800000190734863], [12.243453979492188, -1.9319242238998413, 6.800000190734863], [12.139233589172363, -1.842341661453247, 6.800000190734863]]}, "1": {"cv": [[12.0, -2.299999952316284, 6.800000190734863], [9.412498474121094, -1.8566768169403076, 6.800000190734863], [6.815746784210205, -1.4712454080581665, 6.800000190734863], [4.209970474243164, -1.1530967950820923, 6.800000190734863], [1.5973947048187256, -0.8960301876068115, 6.800000190734863], [-1.0205134153366089, -0.7004489898681641, 6.800000190734863], [-3.642446517944336, -0.5716224312782288, 6.800000190734863], [-6.265565872192383, -0.5800421237945557, 6.800000190734863], [-8.879703521728516, -0.8039987087249756, 6.800000190734863], [-11.5, -0.6800000071525574, 6.800000190734863]], "cx": [[12.0, -1.7799999713897705, 6.800000190734863], [9.520087242126465, -0.6696364283561707, 6.800000190734863], [6.9855828285217285, 0.3091094195842743, 6.800000190734863], [4.3957743644714355, 1.1294260025024414, 6.800000190734863], [1.7497920989990234, 1.7441821098327637, 6.800000190734863], [-0.9413491487503052, 2.112356424331665, 6.800000190734863], [-3.6553962230682373, 2.213223695755005, 6.800000190734863], [-6.364141941070557, 2.0187926292419434, 6.800000190734863], [-9.016424179077148, 1.4435093402862549, 6.800000190734863], [-11.5, 0.36000001430511475, 6.800000190734863]], "le": [[-11.884480476379395, 0.11519524455070496, 6.800000190734863], [-11.9769868850708, -0.13470184803009033, 6.800000190734863], [-11.928744316101074, -0.39676809310913086, 6.800000190734863], [-11.753312110900879, -0.5973416566848755, 6.800000190734863], [-11.500001907348633, -0.6800450682640076, 6.800000190734863]], "re": [[12.136451721191406, -2.283639907836914, 6.800000190734863], [12.241793632507324, -2.195378303527832, 6.800000190734863], [12.281793594360352, -2.0638980865478516, 6.800000190734863], [12.243453979492188, -1.9319242238998413, 6.800000190734863], [12.139233589172363, -1.842341661453247, 6.800000190734863]]}, "2": {"cv": [[12.0, -2.299999952316284, 6.800000190734863], [9.412498474121094, -1.8566768169403076, 6.800000190734863], [6.815746784210205, -1.4712454080581665, 6.800000190734863], [4.209970474243164, -1.1530967950820923, 6.800000190734863], [1.5973947048187256, -0.8960301876068115, 6.800000190734863], [-1.0205134153366089, -0.7004489898681641, 6.800000190734863], [-3.642446517944336, -0.5716224312782288, 6.800000190734863], [-6.265565872192383, -0.5800421237945557, 6.800000190734863], [-8.879703521728516, -0.8039987087249756, 6.800000190734863], [-11.5, -0.6800000071525574, 6.800000190734863]], "cx": [[12.0, -1.7799999713897705, 6.800000190734863], [9.520087242126465, -0.6696364283561707, 6.800000190734863], [6.9855828285217285, 0.3091094195842743, 6.800000190734863], [4.3957743644714355, 1.1294260025024414, 6.800000190734863], [1.7497920989990234, 1.7441821098327637, 6.800000190734863], [-0.9413491487503052, 2.112356424331665, 6.800000190734863], [-3.6553962230682373, 2.213223695755005, 6.800000190734863], [-6.364141941070557, 2.0187926292419434, 6.800000190734863], [-9.016424179077148, 1.4435093402862549, 6.800000190734863], [-11.5, 0.36000001430511475, 6.800000190734863]], "le": [[-11.884480476379395, 0.11519524455070496, 6.800000190734863], [-11.9769868850708, -0.13470184803009033, 6.800000190734863], [-11.928744316101074, -0.39676809310913086, 6.800000190734863], [-11.753312110900879, -0.5973416566848755, 6.800000190734863], [-11.500001907348633, -0.6800450682640076, 6.800000190734863]], "re": [[12.136451721191406, -2.283639907836914, 6.800000190734863], [12.241793632507324, -2.195378303527832, 6.800000190734863], [12.281793594360352, -2.0638980865478516, 6.800000190734863], [12.243453979492188, -1.9319242238998413, 6.800000190734863], [12.139233589172363, -1.842341661453247, 6.800000190734863]]}, "3": {"cv": [[12.0, -2.299999952316284, 6.800000190734863], [9.412498474121094, -1.8566768169403076, 6.800000190734863], [6.815746784210205, -1.4712454080581665, 6.800000190734863], [4.209970474243164, -1.1530967950820923, 6.800000190734863], [1.5973947048187256, -0.8960301876068115, 6.800000190734863], [-1.0205134153366089, -0.7004489898681641, 6.800000190734863], [-3.642446517944336, -0.5716224312782288, 6.800000190734863], [-6.265565872192383, -0.5800421237945557, 6.800000190734863], [-8.879703521728516, -0.8039987087249756, 6.800000190734863], [-11.5, -0.6800000071525574, 6.800000190734863]], "cx": [[12.0, -1.7799999713897705, 6.800000190734863], [9.520087242126465, -0.6696364283561707, 6.800000190734863], [6.9855828285217285, 0.3091094195842743, 6.800000190734863], [4.3957743644714355, 1.1294260025024414, 6.800000190734863], [1.7497920989990234, 1.7441821098327637, 6.800000190734863], [-0.9413491487503052, 2.112356424331665, 6.800000190734863], [-3.6553962230682373, 2.213223695755005, 6.800000190734863], [-6.364141941070557, 2.0187926292419434, 6.800000190734863], [-9.016424179077148, 1.4435093402862549, 6.800000190734863], [-11.5, 0.36000001430511475, 6.800000190734863]], "le": [[-11.884480476379395, 0.11519524455070496, 6.800000190734863], [-11.9769868850708, -0.13470184803009033, 6.800000190734863], [-11.928744316101074, -0.39676809310913086, 6.800000190734863], [-11.753312110900879, -0.5973416566848755, 6.800000190734863], [-11.500001907348633, -0.6800450682640076, 6.800000190734863]], "re": [[12.136451721191406, -2.283639907836914, 6.800000190734863], [12.241793632507324, -2.195378303527832, 6.800000190734863], [12.281793594360352, -2.0638980865478516, 6.800000190734863], [12.243453979492188, -1.9319242238998413, 6.800000190734863], [12.139233589172363, -1.842341661453247, 6.800000190734863]]}, "4": {"cv": [[12.0, -2.299999952316284, 6.800000190734863], [9.412498474121094, -1.8566768169403076, 6.800000190734863], [6.815746784210205, -1.4712454080581665, 6.800000190734863], [4.209970474243164, -1.1530967950820923, 6.800000190734863], [1.5973947048187256, -0.8960301876068115, 6.800000190734863], [-1.0205134153366089, -0.7004489898681641, 6.800000190734863], [-3.642446517944336, -0.5716224312782288, 6.800000190734863], [-6.265565872192383, -0.5800421237945557, 6.800000190734863], [-8.879703521728516, -0.8039987087249756, 6.800000190734863], [-11.5, -0.6800000071525574, 6.800000190734863]],