{
  "0": {
    "cx": [
      [25.0, 6.6873393058776855],
      [22.484027862548828, 5.99988317489624],
      [19.977628707885742, 5.278237342834473],
      [17.47504234313965, 4.543473243713379],
      [14.976449966430664, 3.7952685356140137],
      [12.482285499572754, 3.032381534576416],
      [9.990206718444824, 2.2627272605895996],
      [7.498929977416992, 1.4904775619506836],
      [5.007620334625244, 0.7183303833007812],
      [2.515625238418579, -0.051622360944747925],
      [0.023974895477294922, -0.8226558566093445],
      [-2.466724395751953, -1.5967848300933838],
      [-4.956483364105225, -2.3739118576049805],
      [-7.444822311401367, -3.1555869579315186],
      [-9.932275772094727, -3.9400715827941895],
      [-12.41862678527832, -4.7280449867248535],
      [-14.904778480529785, -5.5166521072387695],
      [-17.391542434692383, -6.303317546844482],
      [-19.87789535522461, -7.091281890869141],
      [-22.360246658325195, -7.891748428344727],
      [-24.829999923706055, -8.729999542236328]
    ],
    "le": [
      [-25.108802795410156, -8.205147743225098],
      [-25.17535972595215, -8.275125503540039],
      [-25.216333389282227, -8.362577438354492],
      [-25.22751235961914, -8.458503723144531],
      [-25.207740783691406, -8.553033828735352],
      [-25.1590576171875, -8.63644027709961],
      [-25.086471557617188, -8.700141906738281],
      [-24.997447967529297, -8.737582206726074],
      [-24.901151657104492, -8.74491024017334]
    ],
    "cv": [
      [-25.0, -8.148653030395508],
      [-22.59041404724121, -7.109093189239502],
      [-20.181217193603516, -6.068626403808594],
      [-17.761566162109375, -5.052654266357422],
      [-15.334453582763672, -4.054619789123535],
      [-12.88701057434082, -3.1076555252075195],
      [-10.428997993469238, -2.1883811950683594],
      [-7.956862449645996, -1.3078497648239136],
      [-5.476040363311768, -0.45202213525772095],
      [-2.9840474128723145, 0.37063485383987427],
      [-0.4834023714065552, 1.1666792631149292],
      [2.0291078090667725, 1.9243093729019165],
      [4.550405502319336, 2.6522836685180664],
      [7.082052230834961, 3.343282699584961],
      [9.62231731414795, 4.002015590667725],
      [12.172558784484863, 4.620814800262451],
      [14.730117797851562, 5.2088704109191895],
      [17.292707443237305, 5.774581432342529],
      [19.85848045349121, 6.325747013092041],
      [22.427593231201172, 6.861093997955322],
      [25.0, 7.380399703979492]
    ],
    "re": [
      [25.232519149780273, 6.761951923370361],
      [25.315616607666016, 6.829226493835449],
      [25.37325096130371, 6.919278144836426],
      [25.3995361328125, 7.02291202545166],
      [25.39179039001465, 7.129546642303467],
      [25.350805282592773, 7.228294372558594],
      [25.280763626098633, 7.309072494506836],
      [25.188817977905273, 7.363633155822754],
      [25.084354400634766, 7.3864054679870605]
    ]
  },
  "1": {
    "cx": [
      [25.0, 3.6005613803863525],
      [22.45844078063965, 3.524867534637451],
      [19.917572021484375, 3.4097931385040283],
      [17.377683639526367, 3.274630069732666],
      [14.839115142822266, 3.1172285079956055],
      [12.302718162536621, 2.927733898162842],
      [9.769519805908203, 2.700202226638794],
      [7.240532875061035, 2.4292094707489014],
      [4.716180801391602, 2.1184070110321045],
      [2.197291374206543, 1.765665888786316],
      [-0.31629157066345215, 1.377238392829895],
      [-2.822441577911377, 0.9431503415107727],
      [-5.322764873504639, 0.47682803869247437],
      [-7.8143815994262695, -0.03412964940071106],
      [-10.300190925598145, -0.5725743770599365],
      [-12.775147438049316, -1.1589305400848389],
      [-15.243006706237793, -1.7744531631469727],
      [-17.693588256835938, -2.4554829597473145],
      [-20.137714385986328, -3.1593894958496094],
      [-22.572603225708008, -3.894543170928955],
      [-25.0, -4.654199123382568]
    ],
    "le": [
      [-25.24781036376953, -4.74711799621582],
      [-25.317819595336914, -4.813705921173096],
      [-25.364627838134766, -4.898231029510498],
      [-25.383920669555664, -4.9929046630859375],
      [-25.373920440673828, -5.089005470275879],
      [-25.33555030822754, -5.177679061889648],
      [-25.272342681884766, -5.25075626373291],
      [-25.19012451171875, -5.301504611968994],
      [-25.096467971801758, -5.3252482414245605]
    ],
    "cv": [
      [-25.0, -5.319808483123779],
      [-22.52145767211914, -4.794699668884277],
      [-20.029823303222656, -4.333218574523926],
      [-17.53544044494629, -3.8867883682250977],
      [-15.040875434875488, -3.4413626194000244],
      [-12.546879768371582, -2.992764949798584],
      [-10.052547454833984, -2.5460405349731445],
      [-7.556916236877441, -2.106649875640869],
      [-5.060184955596924, -1.6735453605651855],
      [-2.561218500137329, -1.253558874130249],
      [-0.06107616424560547, -0.8405880331993103],
      [2.4396069049835205, -0.4308955669403076],
      [4.94081449508667, -0.02444528043270111],
      [7.442766189575195, 0.3774150311946869],
      [9.945565223693848, 0.7739253044128418],
      [12.449182510375977, 1.165282964706421],
      [14.954063415527344, 1.5484188795089722],
      [17.46141815185547, 1.914914846420288],
      [19.9710750579834, 2.265439510345459],
      [22.482858657836914, 2.60031795501709],
      [25.0, 2.886880397796631]
    ],
    "re": [
      [25.15511131286621, 2.9211225509643555],
      [25.246065139770508, 2.9796862602233887],
      [25.315170288085938, 3.062915325164795],
      [25.35601234436035, 3.1630876064300537],
      [25.36479949951172, 3.2709081172943115],
      [25.340721130371094, 3.3763720989227295],
      [25.286008834838867, 3.4696943759918213],
      [25.205739974975586, 3.542215347290039],
      [25.10736083984375, 3.5872061252593994]
    ]
  },
  "2": {
    "cx": [
      [25.0, 0.8496242761611938],
      [22.494924545288086, 1.1153979301452637],
      [19.983869552612305, 1.3254178762435913],
      [17.470748901367188, 1.5093733072280884],
      [14.955794334411621, 1.6653252840042114],
      [12.438634872436523, 1.7811576128005981],
      [9.919849395751953, 1.849521279335022],
      [7.4000725746154785, 1.863545536994934],
      [4.880570888519287, 1.8287756443023682],
      [2.362243413925171, 1.7419952154159546],
      [-0.1541459560394287, 1.6119074821472168],
      [-2.667186975479126, 1.427215337753296],
      [-5.17702579498291, 1.2036097049713135],
      [-7.681694030761719, 0.9276449084281921],
      [-10.182235717773438, 0.6167690753936768],
      [-12.674331665039062, 0.2440127432346344],
      [-15.160807609558105, -0.16454537212848663],
      [-17.632715225219727, -0.6536762714385986],
      [-20.099218368530273, -1.169304370880127],
      [-22.55348014831543, -1.7401108741760254],
      [-25.0, -2.3435966968536377]
    ],
    "le": [
      [-25.196216583251953, -2.4064748287200928],
      [-25.26826286315918, -2.4663729667663574],
      [-25.319299697875977, -2.5449466705322266],
      [-25.3447322845459, -2.6351230144500732],
      [-25.34227180480957, -2.7287847995758057],
      [-25.3121395111084, -2.8175013065338135],
      [-25.257047653198242, -2.893286943435669],
      [-25.181955337524414, -2.94931960105896],
      [-25.09362030029297, -2.980555772781372]
    ],