{"0": [[[-0.9816392651339807, 0.00454345158573551, -0.18884772763638513, 23.442731857299805], [-0.18706475975566086, 0.11572187249000124, 0.9751534961438993, 6.648583889007568], [0.026284375355954768, 0.993271264698167, -0.11274721419166595, 137.6999969482422], [0.0, 0.0, 0.0, 1.0]], [[-0.981668612969685, 0.003648468631672696, -0.18892572251024445, 22.83143679300944], [-0.1873327136429147, 0.11217747378345655, 0.975556238474332, 6.530200799306234], [0.02475249661841974, 0.9936814897401509, -0.10943762756603669, 137.6999969482422], [0.0, 0.0, 0.0, 1.0]], [[-0.9816952043525854, 0.002752708813317933, -0.18900122110909648, 22.220141728719078], [-0.18758993838737265, 0.10862867438501563, 0.9759460907830995, 6.4118177096048985], [0.023217447511652205, 0.9940785852715787, -0.10612386822225968, 137.6999969482422], [0.0, 0.0, 0.0, 1.0]]], "1": [[[-0.9835070931406601, 0.00454345158573551, 0.18005720120921134, 23.163222312927246], [0.1793664517547092, 0.11572187249000124, 0.9768148286997907, -0.470534086227417], [-0.016398445596812826, 0.993271264698167, -0.1146282252150879, 76.59473514556885], [0.0, 0.0, 0.0, 1.0]], [[-0.9834931844007886, 0.003648468631672696, 0.1801315655601704, 22.607078552246094], [0.17939831059489017, 0.11217747378345655, 0.9772182571672756, -0.36801958084106445], [-0.016641353815626335, 0.9936814897401509, -0.11098031001810818, 76.59473514556885], [0.0, 0.0, 0.0, 1.0]], [[-0.9834788370107999, 0.002752708813317933, 0.1802035498332917, 22.05093479156494], [0.17943193240759375, 0.10862867438501563, 0.977608773652847, -0.26550507545471236], [-0.01688420045065345, 0.9940785852715787, -0.10732792621192908, 76.59473514556885], [0.0, 0.0, 0.0, 1.0]]]}