{
  "0": {
    "z": 137.6999969482422,
    "x_cx": [
      22.01491648362503,
      17.274177609165235,
      12.589205474522654,
      7.968509715905544,
      3.4372595267369683,
      -1.0069365054489676,
      -5.364851705895196,
      -9.643128003515116,
      -13.835468947222447,
      -17.927426847544577,
      -21.978496754531008
    ],
    "y_cx": [
      14.119358654336256,
      11.59803781682723,
      9.051365331325385,
      6.432112743183399,
      3.703055541015697,
      0.8747260193381718,
      -2.050645768510432,
      -5.063143660923577,
      -8.167260402850093,
      -11.374245606781425,
      -14.59761372940969
    ],
    "x_le": [
      -21.621639251708984,
      -21.65802574157715,
      -21.667461395263672,
      -21.64906883239746,
      -21.60454750061035,
      -21.538026809692383,
      -21.455652236938477,
      -21.365047454833984,
      -21.274599075317383
    ],
    "y_le": [
      -15.202104568481445,
      -15.286158561706543,
      -15.377265930175781,
      -15.466991424560547,
      -15.547038078308105,
      -15.609996795654297,
      -15.650044441223145,
      -15.663472175598145,
      -15.649041175842285
    ],
    "x_cv": [
      -21.72551779677456,
      -17.400992111307698,
      -13.032093867932712,
      -8.663624221644959,
      -4.285964294066109,
      0.1087374011662936,
      4.513537384856822,
      8.923859942655499,
      13.345121740850347,
      17.797772775070353,
      22.299883424964822
    ],
    "y_cv": [
      -15.166919389691577,
      -12.199600737666772,
      -9.318693341983739,
      -6.435385925801093,
      -3.5538191353619184,
      -0.6895166677074368,
      2.1687009791820975,
      5.026389628763008,
      7.875542653905814,
      10.679210589136517,
      13.41814354682817
    ],
    "x_re": [
      22.166582107543945,
      22.219114303588867,
      22.242700576782227,
      22.235137939453125,
      22.19713592529297,
      22.132244110107422,
      22.046531677246094,
      21.94801902770996,
      21.84592056274414
    ],
    "y_re": [
      13.860322952270508,
      13.947959899902344,
      14.04737377166748,
      14.149269104003906,
      14.244112014770508,
      14.323034286499023,
      14.378652572631836,
      14.405765533447266,
      14.401836395263672
    ]
  },
  "1": {
    "z": 120.55714416503906,
    "x_cx": [
      22.57098334044044,
      17.78773778161191,
      13.044247308202252,
      8.351383977431444,
      3.7323074722357097,
      -0.8117248883260061,
      -5.278288939079653,
      -9.670554488791396,
      -13.979292933039055,
      -18.186981034523725,
      -22.337391106751618
    ],
    "y_cx": [
      11.983993900201504,
      10.013969554096127,
      7.977528651707779,
      5.83482586177645,
      3.5479909021598015,
      1.125705412420619,
      -1.4281686254431247,
      -4.101242904440497,
      -6.901493296029495,
      -9.844995490311959,
      -12.861467440169655
    ],
    "x_le": [
      -22.51512908935547,
      -22.559799194335938,
      -22.57761001586914,
      -22.56692886352539,
      -22.52873420715332,
      -22.466537475585938,
      -22.38605499267578,
      -22.294677734375,
      -22.200809478759766
    ],
    "y_le": [
      -12.722879409790039,
      -12.8056640625,
      -12.898028373718262,
      -12.991485595703125,
      -13.077449798583984,
      -13.148018836975098,
      -13.196710586547852,
      -13.219049453735352,
      -13.212984085083008
    ],
    "x_cv": [
      -22.098533927455918,
      -17.67733173389676,
      -13.218913318765388,
      -8.760439976602372,
      -4.292490018187383,
      0.19173419906983769,
      4.6858094076482,
      9.185693797933698,
      13.695574772855066,
      18.232815574529617,
      22.81305722274314
    ],
    "y_cv": [
      -13.436003219066306,
      -10.835572324041001,
      -8.306771540106116,
      -5.778169457836505,
      -3.2632793685788277,
      -0.7770595739932094,
      1.6927130319083725,
      4.15219700526621,
      6.595159753557514,
      8.98641254131904,
      11.293592474941672
    ],
    "x_re": [
      22.953683853149414,
      23.01883888244629,
      23.055282592773438,
      23.059627532958984,
      23.031471252441406,
      22.97342872619629,
      22.890897750854492,
      22.791553497314453,
      22.684633255004883
    ],
    "y_re": [
      11.070844650268555,
      11.156060218811035,
      11.256951332092285,
      11.364133834838867,
      11.467643737792969,
      11.557853698730469,
      11.62637996673584,
      11.666849136352539,
      11.675498008728027
    ]
  },
  "2": {
    "z": 103.4142837524414,
    "x_cx": [
      23.12705044473236,
      18.301298182617582,
      13.499289344397365,
      8.734258409354819,
      4.027355549044987,
      -0.6165131843244799,
      -5.191726133739513,
      -9.697980986273784,
      -14.12311698286426,
      -18.446535337016975,
      -22.696285618697488
    ],
    "y_cx": [
      9.848628195726665,
      8.429900586378407,
      6.903691494181169,
      5.237538714548092,
      3.392926194292678,
      1.3766849172009745,
      -0.8056912053435297,
      -3.139341719865286,
      -5.635725625881616,
      -8.31574469325259,
      -11.125320378260964
    ],
    "x_le": [
      -23.035669326782227,
      -23.085357666015625,
      -23.108753204345703,
      -23.103729248046875,
      -23.070743560791016,
      -23.012788772583008,
      -22.93514060974121,
      -22.8448543548584,
      -22.750139236450195
    ],
    "y_le": [
      -10.905183792114258,
      -10.985819816589355,
      -11.07760238647461,
      -11.172185897827148,
      -11.26097297668457,
      -11.335891723632812,
      -11.390132904052734,
      -11.418763160705566,
      -11.419180870056152
    ],
    "x_cv": [
      -22.471550224147407,
      -17.953671479470255,
      -13.40573285274171,
      -8.857255774647456,
      -4.299015745212918,
      0.2747310339109512,
      4.8580815071089205,
      9.447527769740566,
      14.04602796082825,
      18.667858567603865,
      23.3262312489085
    ],
    "y_cv": [
      -11.705086278100035,
      -9.471543303356938,
      -7.294849287874587,
      -5.120952697378959,
      -2.9727394724915572,
      -0.8646025192397885,
      1.216724872797102,
      3.2780039927116214,
      5.314776283377204,
      7.293613740124965,
      9.169040457527704
    ],
    "x_re": [
      23.52910804748535,
      23.603853225708008,
      23.650365829467773,
      23.664310455322266,
      23.644380569458008,
      23.592439651489258,
      23.513334274291992,
      23.414445877075195,
      23.30500602722168
    ],
    "y_re": [
      8.98963737487793,
      9.071587562561035,
      9.172279357910156,
      9.282316207885742,
      9.39142894744873,
      9.489431381225586,
      9.567179679870605,
      9.617416381835938,
      9.635454177856445
    ]
  },
  "3": {
    "z": 86.27143096923828,
    "x_cx": [
      23.68311730154777,
      18.81485835506426,
      13.954331178076961,
      9.117132670880718,
      4.322403494543728,
      -0.42130156720151835,
      -5.1051633669239695,
      -9.725407471550064,
      -14.26694096868087,
      -18.706089523996123,
      -23.055179970918097
    ],
    "y_cx": [
      7.713263441591912,
      6.845832323647302,
      5.8298548145635625,
      4.640251833141142,
      3.237861555436782,
      1.6276643102834214,
      -0.1832140622762224,
      -2.1774409633822054,
      -4.369958519061017,
      -6.786494576783125,
      -9.389174089020928
    ],
    "x_le": [
      -23.4713191986084,
      -23.52363395690918,
      -23.55082130432129,
      -23.550451278686523,
      -23.522554397583008,
      -23.46963119506836,
      -23.39640998840332,
      -23.3094425201416,
      -23.21650505065918
    ],