{"0": [[24.477967914894368, 12.863882333437465, 145.0209699987812, 88.34647973081618, -7.064509763598272, -80.07463414102598], [23.859658795641383, 12.731481369247538, 145.0407695636091, 88.43122217025753, -6.876585793729479, -80.07463414102598], [23.24135352797216, 12.598981767011633, 145.0604910118807, 88.51606600617572, -6.68848202556777, -80.07463414102598], [25.35945694547887, 7.748242221528166, 104.26743678109699, 90.05792843069612, -7.257289951652404, -93.742506710322], [24.778617864832214, 7.7602758752009855, 104.28852418784399, 90.09625925544188, -7.054417207088278, -93.742506710322], [24.19776776257057, 7.772210087555448, 104.30953480493827, 90.13462227511226, -6.8513638136407975, -93.742506710322], [26.33050056706316, 2.3170946675609456, 63.55336398881803, 91.92595985514345, -6.994352071778277, -108.72135657027044], [25.78717126224564, 2.473422941924088, 63.57471908036827, 91.91097858039464, -6.788504877705568, -108.72135657027044], [25.243814932558106, 2.6296549529682007, 63.59599731694939, 91.89595911122657, -6.5824770812757585, -108.72135657027044], null, null, null, null, null, null, null, null, null, null, null, null, null, null, null, null, null, null, null, null, null, null, null, null, null, null, null, null, null, null, null, null, null, null, null, null, null, null, null, null, null, null, null, null, null, null, null, null, null, null, null, null, null, null, null, null, null, null, null, null, null, null, null, null, null, null, null, null, null, null, null, null, null, null, null, null, null, null], "1": [[24.477967914894368, 12.863882333437465, 145.0209699987812, 88.34647973081618, -7.064509763598272, -80.07463414102598], [23.859658795641383, 12.731481369247538, 145.0407695636091, 88.43122217025753, -6.876585793729479, -80.07463414102598], [23.24135352797216, 12.598981767011633, 145.0604910118807, 88.51606600617572, -6.68848202556777, -80.07463414102598], [25.35945694547887, 7.748242221528166, 104.26743678109699, 90.05792843069612, -7.257289951652404, -93.742506710322], [24.778617864832214, 7.7602758752009855, 104.28852418784399, 90.09625925544188, -7.054417207088278, -93.742506710322], [24.19776776257057, 7.772210087555448, 104.30953480493827, 90.13462227511226, -6.8513638136407975, -93.742506710322], [26.33050056706316, 2.3170946675609456, 63.55336398881803, 91.92595985514345, -6.994352071778277, -108.72135657027044], [25.78717126224564, 2.473422941924088, 63.57471908036827, 91.91097858039464, -6.788504877705568, -108.72135657027044], [25.243814932558106, 2.6296549529682007, 63.59599731694939, 91.89595911122657, -6.5824770812757585, -108.72135657027044], null, null, null, null, null, null, null, null, null, null, null, null, null, null, null, null, null, null, null, null, null, null, null, null, null, null, null, null, null, null, null, null, null, null, null, null, null, null, null, null, null, null, null, null, null, null, null, null, null, null, null, null, null, null, null, null, null, null, null, null, null, null, null, null, null, null, null, null, null, null, null, null, null, null, null, null, null, null], "2": [[24.477967914894368, 12.863882333437465, 145.0209699987812, 88.34647973081618, -7.064509763598272, -80.07463414102598], [23.859658795641383, 12.731481369247538, 145.0407695636091, 88.43122217025753, -6.876585793729479, -80.07463414102598], [23.24135352797216, 12.598981767011633, 145.0604910118807, 88.51606600617572, -6.68848202556777, -80.07463414102598], [25.35945694547887, 7.748242221528166, 104.26743678109699, 90.05792843069612, -7.257289951652404, -93.742506710322], [24.778617864832214, 7.7602758752009855, 104.28852418784399, 90.09625925544188, -7.054417207088278, -93.742506710322], [24.19776776257057, 7.772210087555448, 104.30953480493827, 90.13462227511226, -6.8513638136407975, -93.742506710322], [26.33050056706316, 2.3170946675609456, 63.55336398881803, 91.92595985514345, -6.994352071778277, -108.72135657027044], [25.78717126224564, 2.473422941924088, 63.57471908036827, 91.91097858039464, -6.788504877705568, -108.72135657027044], [25.243814932558106, 2.6296549529682007, 63.59599731694939, 91.89595911122657, -6.5824770812757585, -108.72135657027044], null, null, null, null, null, null, null, null, null, null, null, null, null, null, null, null, null, null, null, null, null, null, null, null, null, null, null, null, null, null, null, null, null, null, null, null, null, null, null, null, null, null, null, null, null, null, null, null, null, null, null, null, null, null, null, null, null, null, null, null, null, null, null, null, null, null, null, null, null, null, null, null, null, null, null, null, null, null]}