{"0": [[24.36218086805945, 10.845933766224055, 129.14915608417564, 88.34647973081618, -7.064509763598272, -80.07463414102598], [23.758221997026123, 10.768925709415223, 129.1619129971574, 88.43122217025753, -6.876585793729479, -80.07463414102598], [23.154280850283175, 10.691892988794434, 129.17479207413174, 88.51606600617572, -6.68848202556777, -80.07463414102598], [22.462145606431996, 10.598576389807056, 129.19009075969853, 88.48416797180602, -6.473704801634679, -79.03980167432485], [21.857620431404836, 10.510562201410242, 129.2033568924908, 88.5730635245142, -6.282898287984434, -79.03980167432485], [21.253113952667054, 10.42251876844027, 129.21674892495827, 88.66205753706706, -6.0919212715793725, -79.03980167432485]], "1": [[25.732850688742836, 3.0571308683548963, 68.0331676277772, 90.99399273463938, -7.188385149706133, -101.17796255592081], [25.185118367795145, 3.196723558387169, 68.04749754838598, 91.00594856965961, -6.982250692669344, -101.17796255592083], [24.637380850140254, 3.336291835166162, 68.06195112809706, 91.01790170059691, -6.775935620125918, -101.17796255592081], [24.027160706287418, 3.487765077351527, 68.07542390190807, 90.94584068504803, -6.582182120281989, -100.44414829275536], [23.478548630993565, 3.6206519147276612, 68.0903816775571, 90.95945252457335, -6.371829219094279, -100.44414829275536], [22.929930870224858, 3.7535093977293976, 68.10546683233657, 90.97306232256503, -6.161305003561396, -100.44414829275536]]}