{
	"x": [  732.831116, 746.871277, 717.995789, 732.776184, 741.951843, 721.761536 ],
	"y": [ -34.1135521, -32.8380356, -35.0288124, -34.4178581, -33.2300720, -34.8701591 ],
	"z": [ 608.159851, 619.884705, 624.720398, 637.541321, 633.990000, 612.890564]
}